objective_radius,wall_prob,cover_prob,choke_prob,stochasticity,adaptation_rate,weapon_cooldown_ticks
7.705764762756288633e+00,2.208271556193384111e-01,1.967121274209771842e-01,9.957623973379543802e-02,2.349148965463222771e-01,1.806394189437204034e-01,2.333295850471952093e+00
8.257539282743335818e+00,1.444018190583436570e-02,1.201966370743369067e-01,3.968064636105426285e-02,2.090630964917860324e-01,9.369930917766289280e-02,1.948454829840394975e+00
1.063502573966182041e+01,5.898782394109293795e-03,1.296746293673480821e-01,2.871722051015466320e-03,2.734520144568894362e-01,7.383917164337021333e-02,1.171435278865605945e+00
1.184934363423890780e+01,1.682656352308055034e-02,6.321846121454431644e-02,9.889842526854270011e-02,2.415999740316246980e-01,2.395617366255057418e-02,1.862385484779945699e+00
9.838169383944080693e+00,2.279422034640944117e-01,5.206884344367732065e-02,1.330870865747479925e-02,2.845149461206822883e-01,8.338599434124459309e-02,2.667298792694170917e+00
9.884528896270461829e+00,2.022683844949525467e-01,1.153396187762880110e-01,4.446828752187085426e-02,4.395971157607723306e-02,3.547691122204003206e-02,2.450117214804097721e+00
6.871512902921997679e+00,5.372988016260383387e-02,7.528493433847401051e-02,9.030922797826351767e-02,1.296013407707789777e-02,5.986932607174584586e-02,1.268046039434661099e+00
3.263527028971836774e+00,1.099789390878081058e-01,2.284222286588740922e-02,6.611646969871932955e-02,9.609371970461379198e-02,6.203995920821073901e-02,1.944005829678416397e+00
1.079219753969124440e+01,9.582287813009437993e-02,3.624475460325929377e-02,6.256364502932017235e-02,3.909053444342253103e-01,8.116792269164285756e-02,2.268496962148621954e+00
6.053786649451955881e+00,1.667353961660992256e-01,4.845315616699587442e-03,9.741365369955007347e-02,2.749297612638629609e-02,2.078634526467142835e-02,1.015809335064857155e+00
9.532358001389731328e+00,2.948761429482575636e-02,1.669250830685567732e-01,5.055421728844849277e-02,1.840810496309677746e-01,1.669538213324045506e-01,1.850827298434242429e+00
8.041155746385168612e+00,1.496307287987065360e-01,1.169060712223055076e-01,5.111440799198316981e-02,7.303147266284303052e-02,1.152287362861864201e-01,2.105523191669093741e+00
3.512808372273393154e+00,7.457975959561180535e-02,2.372530020729270508e-02,8.652362190856892343e-02,3.117309170771030979e-01,1.256726726874152211e-01,1.840762964149773140e+00
1.072415832676411362e+01,4.674883594865335973e-02,8.185394751511212985e-02,9.344941278017089570e-02,7.680459527592514712e-02,4.910927429504125669e-02,1.451932934198144620e+00
5.593424932286977125e+00,1.572530803257506660e-01,5.247319910776052782e-02,1.811073055728069925e-02,8.857466594470535248e-02,3.711290855407818612e-02,1.070665782609054650e+00
7.412693350552903127e+00,1.138045914432593148e-01,1.730448366733411958e-01,9.462335426015483497e-02,4.897283358389268315e-01,1.668358986150083462e-02,1.702845906912485496e+00
8.868408827860127630e+00,2.465099014700876112e-01,1.398952522961751654e-01,1.599990895107563510e-03,1.632896937180016161e-01,1.828271704509533691e-01,2.501147029515676135e+00
6.268577341388239077e+00,1.855770426527680872e-01,9.655898420822134343e-02,8.140540645910256112e-02,9.477853610122441430e-02,1.276200443643277053e-02,2.464076260036059729e+00
9.437569292584644387e+00,1.424733310087145932e-01,1.491415251540160747e-01,9.211289672993722144e-02,3.437732622371418856e-01,1.860049083949909254e-01,2.745004303664007050e+00
1.112680823193978696e+01,2.368246850695431560e-01,6.349904218065252626e-02,9.381107125069805541e-02,4.989888826361631446e-01,1.679234236690417825e-01,2.219292781414358373e+00
9.609951963492978422e+00,4.904441935756799487e-02,4.050955309323015646e-02,9.495170287809277798e-02,9.922097918889517809e-02,1.051666533263224262e-01,2.652284122794321242e+00
6.576696934354218982e+00,1.310122131191726082e-02,1.691562479350289805e-01,4.653163649412638686e-02,9.335780339282313822e-02,1.636056386431629928e-01,2.808509250155697856e+00
8.013901842363143402e+00,2.258624564731514517e-01,1.847923690545981712e-01,3.720389403428152591e-03,1.043675609505938379e-01,1.499446801999008982e-01,2.178712859328268969e+00
1.153818757674967621e+01,1.817409676481688760e-02,1.635097489275310623e-01,5.271505182135484413e-02,4.808715976129803171e-01,7.855799859934005369e-02,1.722020670411628096e+00
7.895693538017507507e+00,3.046918907597109469e-02,1.519809188855511528e-01,9.816970043924833078e-02,1.575490240289507127e-01,1.221904238678652582e-01,2.877628421148806126e+00
5.766313060663222245e+00,1.517746051836668143e-02,1.905334361140412769e-01,6.939114565846059290e-02,2.518578252343222634e-01,1.519553162856620843e-01,1.081514965855010280e+00
4.477162362734626200e+00,6.569057371070652351e-02,1.305094432003467697e-01,3.385018526448540371e-02,6.534961734949387702e-02,1.400877275909166997e-01,2.054455898257589119e+00
3.939812606347691037e+00,2.250684915461212687e-01,9.602308867425888433e-03,6.483232855786053017e-02,1.512656495555127489e-01,1.597058915371633026e-01,1.854142805053407006e+00
5.673659810108551582e+00,1.525534462558460758e-01,1.129388801172090534e-01,1.912346084077168329e-02,4.855821449554718616e-01,1.546604960870651135e-01,2.689679454023691463e+00
1.017728040902595055e+01,1.826208047111099186e-01,3.396969172727611758e-02,3.878595052132899346e-02,4.429213374604830111e-01,1.621851126859973347e-01,1.136572533399647700e+00
5.418958458357414187e+00,1.644966464091627001e-01,1.659058025665209324e-01,2.514873515814979033e-02,4.222607402096793978e-03,1.535270523629947703e-01,2.065198764628985550e+00
7.817060484892895289e+00,1.240489586538341266e-01,1.276914472288006031e-01,9.000937732581111572e-02,1.932707548200215952e-01,1.063166322959487736e-02,1.494862637942874217e+00
1.127862583554967912e+01,9.812000542237617196e-02,1.645314232259940945e-01,8.267525665755653952e-02,4.952541634883958488e-01,7.597851180004489002e-02,2.916094724090646295e+00
4.438988871153236815e+00,1.182360201364025289e-02,1.760164934444644891e-01,6.742244950110007351e-02,3.380453827893750152e-01,1.479275767547764964e-01,1.658791496276400768e+00
5.318301924472580211e+00,1.427334573221246405e-01,6.704852002871540539e-02,3.142695579661385769e-02,3.847452124782288485e-02,1.985493524216711270e-01,1.730279481673164366e+00
5.452729720593485041e+00,1.251798173766983935e-01,5.498694399109832487e-02,8.413095898783594373e-02,2.572736565140497644e-01,8.439875777910539612e-02,2.181642887463307368e+00
7.260753892782637386e+00,1.046337795753690264e-01,9.372582975014279172e-02,5.670464902948143399e-03,2.666382156488238953e-01,1.375081466223131710e-01,1.970539384297928187e+00
1.161801572326942811e+01,6.313928389478827563e-02,1.437354925279909525e-02,1.604973024196957795e-02,6.697570510993292731e-03,1.327130061793284077e-01,2.430406048893508419e+00
6.419714187654947501e+00,1.690946981678703720e-01,4.663611421172743354e-02,5.481135598237512480e-02,3.632179568893303956e-01,1.884547665686623352e-01,2.999439116368897817e+00
8.349868487666789463e+00,3.558180162918211931e-02,1.453966000039824402e-01,6.565226086228045932e-02,4.534284250690069629e-02,8.251482662244874478e-02,1.868068389599442769e+00
5.957729800957942246e+00,2.342695381478522923e-03,8.556899213583477048e-02,6.696481476662058396e-02,1.274880082064257236e-01,2.010937551605576634e-02,1.092585945763977717e+00
1.197783124944969302e+01,1.319558890806198093e-01,1.046622144880552940e-01,4.137396398772121703e-02,2.775085626290598739e-01,1.413357842773079465e-01,2.726025065092748445e+00
1.136626440795669701e+01,1.521209214448366043e-01,4.867111495292551077e-02,7.188901965766131275e-03,2.139793031569372228e-01,5.696129550964366267e-02,2.163998479993663793e+00
7.154458671061601827e+00,7.984753923050602609e-02,6.027424528067788778e-02,2.698593102460287302e-02,4.374792371258748314e-01,1.632724077574545241e-01,2.740820853041459504e+00
9.318124332996811532e+00,2.227254092833081123e-01,3.253979105364570440e-02,6.740740488063364302e-03,3.727916394525391808e-01,5.257601907570402106e-02,1.407555034272404360e+00
1.103124023360096828e+01,2.336533601056724752e-01,1.734833418662332372e-01,2.945302711091982856e-02,2.754191143672031217e-01,1.158519593227863576e-01,1.130941281889065841e+00
3.537619390682166909e+00,7.420499999040092512e-03,1.767372443808923888e-01,6.512657781059856543e-02,3.962442220554922567e-01,7.506880711048936894e-02,2.280481222871465263e+00
1.021775502001322167e+01,2.357290231266209457e-01,1.791655162912364485e-01,4.790529929877843096e-02,2.264280431091389989e-01,2.801665865474073022e-02,1.999485262379405714e+00
5.514446878754299952e+00,8.785721041005481458e-02,1.774533699494741934e-01,9.844836022055112115e-03,3.003254548572416582e-01,1.910280766353703585e-01,2.023061477406981279e+00
6.196041650218560903e+00,1.713877448110558699e-01,1.699459235471184326e-01,9.087461228282499304e-02,3.790487157571740817e-01,1.854214288202816752e-01,2.835613038792441642e+00
3.121464557438128562e+00,5.320061186774911743e-02,1.207852662303989660e-01,7.744742040660142560e-03,1.904615295456850987e-01,2.936015408301620097e-02,1.523184130480039311e+00
7.744452345346037880e+00,1.822856595643619071e-01,8.822832074643563449e-02,3.677572876659002121e-02,3.401536600454087567e-01,1.837396179558527243e-01,1.279429622835684288e+00
7.620455451346442644e+00,2.386151956844188293e-01,1.609345878901682902e-01,3.286547256635916764e-02,2.422987483663180952e-01,1.746521360845894322e-01,1.954567508959689448e+00
8.102604099305352747e+00,1.339176744269070241e-01,1.989724930618409771e-01,8.396620742418171857e-02,1.987392721738225898e-01,9.931704393458569424e-02,2.577118624500009947e+00
5.783493104137291674e+00,2.445658226411288050e-01,1.117553304175516460e-01,8.188267810313393236e-02,2.320998328546893807e-01,7.007647179712566538e-03,1.223122641518048503e+00
3.887541130035699677e+00,2.325951955313411701e-01,1.096875673891985897e-01,8.066822301273667006e-02,1.717933712829546322e-01,1.874158895176025463e-01,1.052221863274650060e+00
3.786051900714026974e+00,1.801462756063985926e-01,1.939082999313980205e-01,2.413312004945511804e-02,3.377290461048013809e-02,9.427358883348578578e-02,1.595794337875438895e+00
1.035146117173493252e+01,2.484829124746740225e-01,6.857667959243378408e-02,6.222267669794787071e-02,6.707471123787900336e-02,8.797065476351462188e-02,1.404823848313793588e+00
5.224796297980088156e+00,1.165263501195654833e-01,5.688847713117069216e-03,1.962468986537930365e-02,1.524346498090950186e-01,1.642666626307550670e-01,2.825581113894692464e+00
4.039039289021342682e+00,2.345588176525535973e-01,5.717975645877002716e-02,5.395001915703764861e-02,1.448236742326817761e-01,6.646853702039035028e-02,1.919473529838575887e+00
6.592862650601430730e+00,1.969807375923587900e-01,1.276358026660842117e-02,4.058649165652566948e-02,1.862099386121613201e-02,9.585699348875030557e-02,2.683778222608184549e+00
7.117385813573289255e+00,1.723386287370563263e-01,7.941102102723207601e-02,7.980590201785356386e-02,3.328019269042502559e-01,1.561807894248433415e-01,1.433829914136407035e+00
1.098500257302924155e+01,1.917386759892708570e-01,2.839658513581349783e-02,7.166773341030902023e-02,4.793931175037093040e-02,9.370878757007211277e-03,2.023507969031980380e+00
9.762297627096035768e+00,1.687955696352751167e-01,1.062154416249374150e-01,4.991140068150448639e-02,3.856908752509271010e-01,1.875887523526526823e-01,2.935072339225757609e+00
9.947798010442211236e+00,2.089150311278828442e-01,1.716368928161490226e-01,4.343369452675699405e-02,2.716499246345445776e-02,6.100303549073587267e-02,2.766086592665482069e+00
6.986509782642725597e+00,1.538939616389549403e-01,1.919920664582795422e-01,4.626205618362175254e-02,3.907021525917533933e-02,1.789758417623321107e-01,1.227327072574368572e+00
5.035113436323438663e+00,9.379397856264920508e-02,1.139368565664463234e-01,7.655469377627553695e-02,4.843272692887766739e-01,1.827051271403051236e-01,2.790736369009717777e+00
4.181372566607379326e+00,6.153171357109146061e-02,1.188190258237628721e-01,8.466448296182199629e-02,4.293722186041082356e-01,9.246427050353275790e-04,1.789267737945044789e+00
5.374022452319891840e+00,2.100612337321172973e-01,1.321414781268336058e-01,8.480948507354577059e-02,3.690793447946583705e-01,1.953555997741664163e-01,2.908596364333722484e+00
6.448572220890074647e+00,2.078186259066469935e-02,1.049629883520312168e-01,9.259326018051744142e-03,1.263825781127799475e-01,1.385530965092698907e-01,2.981425211925146090e+00
1.147536425224284962e+01,6.536881208426453815e-02,7.742095609444192561e-02,8.801562688096832565e-02,1.194239338489558877e-01,1.092006079833880705e-01,1.905842866782283540e+00
1.010128481124157851e+01,2.431675010878372178e-01,1.788769216661963493e-02,7.318274796942890459e-02,3.831775692646995912e-01,1.759429598206976586e-01,2.813278495164839299e+00
5.148421666234648697e+00,1.613843190511844161e-01,5.326615199517586302e-02,1.280164500596497890e-02,4.508807443539573079e-01,3.783085907450614571e-02,1.985477328679599918e+00
9.242038293000927496e+00,6.535817824983823632e-04,8.232703329323631802e-02,8.939454410162898934e-02,8.030731581691084864e-02,1.073062470001878571e-01,2.850391903053576481e+00
8.796885104435220981e+00,5.650225583294811449e-02,1.551026403482099192e-01,6.017016522984382221e-02,4.274301731167295393e-01,5.592385815317733183e-02,2.562632092547949991e+00
4.931351540351673002e+00,2.148003997694088729e-01,1.960671100267587230e-02,4.698457497825112017e-02,1.168492064791648438e-01,8.469456200484436550e-03,1.753192709697819485e+00
9.706457681740999988e+00,1.887134003282221750e-01,8.863756528878097285e-02,3.404418453767523584e-02,1.377620013725779601e-03,3.343242163119749394e-02,1.608780451525263722e+00
5.716276838809395855e+00,1.366027182547538132e-01,8.608943178343823888e-02,5.140697049292924925e-02,2.935002847737409187e-02,1.469822508230918812e-01,2.257426771975170610e+00
5.665388720155529967e+00,2.056183864575242271e-01,4.078536474705837800e-02,2.331486342121929720e-02,3.044433119855860514e-01,7.955144740940642278e-02,1.463534492053878200e+00
8.406370939370326312e+00,2.196461941237295434e-01,7.324958432639419592e-02,2.854050582781678808e-02,1.415807211776282382e-01,9.150421127814126199e-02,2.698227032967520422e+00
7.357462800631675570e+00,1.953098527968370191e-01,1.030165462744315752e-01,5.990177814328871003e-02,3.354121650045853165e-01,1.660912623606559668e-01,2.905314410038520201e+00
1.138708821026559725e+01,1.103967173344992669e-01,5.107657431281062421e-02,4.507306763552162282e-02,2.531808053167655115e-01,2.681641585286231866e-02,1.420294031129758494e+00
1.045716196062187819e+01,1.901960510757612632e-01,4.450069281268573262e-02,3.469949888541817851e-02,4.551029808890346695e-01,4.993660589949606293e-02,2.635155448482285223e+00
3.959408433848914832e+00,1.548850751865933628e-01,6.944545001035921927e-02,6.385843894519534214e-02,1.486422936361538882e-01,1.800578032087777336e-01,1.981786742003759372e+00
4.356886511971772791e+00,2.159018666546181631e-01,1.297267635942618291e-01,4.479309845362392656e-02,1.599630523267152327e-01,1.081400964191042979e-01,1.209296867359023864e+00
7.790831840953617693e+00,1.912559260945331241e-01,3.025972596953893298e-02,3.735322528589149482e-02,1.645835865864450631e-01,1.439702989811403044e-01,1.333877181212054452e+00
7.591506747252628529e+00,9.811279902300854699e-03,1.005893528195658804e-01,1.121498339925646251e-02,1.114499592807279005e-01,1.631380413534240861e-02,2.015015359322005928e+00
1.034700024808898178e+01,1.285997163073879512e-01,1.814671239395670987e-01,2.038557889224364497e-02,2.128537991908172888e-01,1.965293588544691494e-01,1.374811014824359079e+00
6.838448991046128356e+00,2.114329823710662803e-01,5.692071573759502302e-04,1.521098974852702450e-02,1.811052278538669291e-01,1.187043283607019384e-01,2.659749473914088114e+00
9.723097728580384569e+00,2.172670189673623076e-01,1.236901155783833306e-01,6.859255502545490157e-02,4.965410776120192105e-01,6.532521506249766574e-02,2.785230149931400945e+00
4.783672359247869821e+00,8.515481693401900920e-02,7.637117677878646482e-02,5.061940775240695439e-03,4.699656069747907838e-01,2.450413384281837498e-02,2.429033544082960461e+00
5.108281481490703158e+00,1.232626113776320587e-01,1.224390850889018750e-01,4.533588799125450042e-02,3.759559813229331193e-01,3.887861470571029026e-03,2.204643419827919892e+00
4.441751070437288007e+00,1.872381463074214714e-01,1.719001169544581709e-01,2.348573203139036475e-02,3.485738162114963568e-01,8.638865939220335965e-02,1.010851108596321435e+00
3.618741545511888980e+00,1.185803591524749734e-01,1.902424624231840652e-02,2.018338614287406782e-02,1.999064349668343565e-01,1.003890442543685507e-01,1.590923405631085474e+00
7.770371499474451049e+00,7.031773942709830527e-02,1.072382307197451978e-01,6.642274759149217889e-02,5.245474573059785012e-02,1.112543963161122251e-01,1.569940929447547706e+00
3.031472903479523584e+00,1.292264897549388336e-01,1.525417835800856048e-01,5.280318440748112130e-02,4.774437177333199500e-01,1.120261085406072665e-01,2.340197287797285419e+00
7.545724286883531029e+00,1.670488527924406386e-01,1.827172893869912773e-01,5.357603990890000278e-02,7.221415013581990172e-02,1.540241502087483227e-02,2.580103304207767234e+00
5.853729367174601350e+00,2.218085538666183798e-01,1.597781603509208226e-01,4.183170707947918981e-02,3.437300616342097714e-01,1.939554118084086953e-01,2.236844706025984841e+00
7.242380453927258266e+00,1.842234687638896196e-01,1.616274308749650057e-01,7.894980848067281731e-02,4.185982771276048342e-01,3.025452289918278970e-02,1.307124110030093211e+00
9.366133600156478778e+00,4.487232037734749379e-02,1.568130837904786190e-01,9.270841371387876506e-02,1.871126222355451452e-01,1.395237124832281461e-01,1.693608809893783373e+00
1.044339239612734183e+01,1.700036195008021445e-01,1.163088690251189994e-01,1.548373787077087285e-04,2.243405817741294939e-01,8.164390582751702985e-02,1.684261456284255942e+00
9.654769474750953151e+00,1.467779974236012031e-01,1.930887539697956345e-01,3.993686830437325613e-02,1.891764716992006823e-01,1.223474231220647752e-02,1.892196591955306761e+00
5.043724649038310304e+00,1.791876086854152783e-01,8.049130521168744445e-02,3.224910808015594987e-02,2.413979420419589544e-02,1.341961131661583984e-01,1.784228642838286305e+00
9.199020986966729652e+00,6.709608708953815337e-02,6.538904433542951089e-02,2.298550623034727181e-02,4.320994634011888214e-01,8.946027731253386461e-02,1.318408620317236934e+00
9.012547022660644558e+00,7.028530023482386369e-02,1.476633069853272306e-01,3.017844019738264577e-02,3.314271997714277607e-01,8.406746744676173166e-02,2.610784921268284542e+00
3.444083486195240518e+00,8.689563763120496109e-02,1.051798832378182148e-02,6.172478536827889078e-02,4.439063278070199403e-01,8.733640383325425027e-02,1.301371574496427375e+00
4.296101726370324947e+00,2.182800260526230884e-01,1.542198873946945548e-01,7.233693570999980005e-02,3.093828313940573116e-01,1.171329435324078017e-01,2.676613436951586156e+00
9.587481550365579253e+00,7.935608532011625971e-03,2.573315779219643301e-02,1.865578124372405111e-02,4.348625329804413631e-01,6.837327020836037050e-02,2.082025975633418291e+00
9.146318638876005380e+00,4.777454256546390457e-03,7.724516585281840375e-02,9.600796734838923374e-02,3.500581965945915863e-01,9.878323086262259800e-02,1.802471461235265249e+00
3.707604422953806989e+00,9.219181295891946959e-02,1.086139300793460410e-01,7.732791381799442032e-02,1.177769640306507853e-01,1.258024448247523630e-01,1.057616353148581378e+00
6.327397943595281404e+00,4.388209341051868551e-02,7.222821488082524499e-02,4.527499739438052822e-04,1.055241386406657461e-01,1.057380834218082238e-01,2.852168463658688147e+00
4.836766220113864811e+00,1.954206107516081314e-01,1.394396993376254001e-01,2.459257785708885910e-02,4.729560679502350928e-01,1.740219585878691189e-01,2.951004791433683216e+00
8.440761178911714069e+00,1.933137234505229729e-01,3.535767977296978143e-03,4.233791200506305252e-02,4.661192646629112590e-01,1.306557547009609965e-01,1.884156006510625314e+00
3.382768198617581490e+00,3.437695052442761579e-02,9.104437738539475355e-02,2.219379708345591007e-02,4.478256532430717751e-01,9.498401817500468081e-02,1.182565366544787056e+00
3.083816208458324049e+00,1.159701847979918432e-01,5.785259804689866364e-02,7.024857327008646180e-02,2.012432498072008746e-01,6.092870515612724969e-02,1.326716674143386676e+00
7.525599220938026690e+00,2.535486855217887817e-02,6.799485187398314825e-03,5.894605899366307800e-02,3.999207146161062876e-01,1.038826604130505954e-01,2.155077675898451339e+00
4.000717917747862451e+00,1.635119248725487029e-01,1.330350780922699705e-01,9.544792705693311285e-02,1.324146022298950953e-01,1.300032553417247994e-01,2.778850282280314943e+00
9.489084225684052853e+00,2.495923290858222399e-01,2.943952148897376400e-02,2.839505674281173064e-02,3.810264172384071890e-01,6.293787653373288105e-02,2.062109487957052067e+00
4.059612872778700421e+00,2.212910179051566853e-02,9.985406096351698291e-02,8.891128152471837465e-02,2.819828251809072817e-01,1.447136356589212580e-02,2.530769037658097798e+00
1.014047603396901565e+01,1.986606686980286196e-01,1.711805588038086204e-02,8.677473297869477131e-02,3.522926882572264828e-01,2.164376828550384352e-02,2.092819160797646738e+00
8.983924057351604375e+00,1.193641806463594107e-01,1.632811206819173855e-01,6.380293951033563088e-03,2.810115483408304193e-01,1.189604939663466282e-01,1.612075214710809501e+00
1.174872136751259610e+01,2.044500763607927929e-01,1.388900173515693337e-01,3.325599213208625931e-03,4.383255737003103336e-01,1.608438209656024576e-01,1.040552862437945869e+00
6.691467007382850163e+00,5.019865756932799516e-02,3.900593465201520477e-02,4.384145238187798360e-02,4.404696419234739313e-01,1.007963681904575221e-01,1.199133714343451729e+00
3.173066557981582658e+00,7.179858617424564327e-02,1.032065719728974262e-01,1.211923364814208523e-03,4.868661134786033684e-01,1.845163759764091582e-01,1.006271430094484609e+00
6.797537226426461743e+00,1.120232714066070473e-01,1.707748586376147681e-01,1.477817665941039138e-02,4.162318693391388602e-01,1.994731793599090475e-01,2.714606969828454730e+00
5.124461565603168012e+00,1.627954041441617705e-01,2.241442968873503042e-02,9.716217522318598698e-02,2.676065141050013585e-01,2.285977806999842446e-02,2.926816811061030421e+00
4.320147182918285367e+00,2.321712701210258689e-01,1.681535452983801138e-01,3.078239081964910528e-02,3.537133946215980096e-01,1.778688617925473503e-01,2.007416988336002017e+00
1.012672753261406378e+01,2.424977457000476178e-01,1.672507874154317009e-01,7.503249234518043209e-02,4.148430923515669666e-01,7.456027110522100987e-02,1.759713963820115357e+00
5.917622410243961184e+00,1.020089543448795544e-01,2.702824300721820561e-02,1.321445746323210782e-02,2.603855111605919426e-01,1.294111442029597103e-01,1.255366333388211242e+00
6.786619941785131616e+00,1.815883331771046549e-01,1.880785422846970034e-01,5.857419262834265977e-02,2.884132065555352065e-01,1.461044694791562848e-01,2.288201506184144307e+00
6.549741240120704688e+00,5.770533088793315668e-02,1.874217101940332530e-01,8.283202468034175925e-02,3.693508910611125740e-01,1.064764622857353182e-01,1.829194844417014743e+00
8.476656175751333677e+00,7.557538907012550933e-02,4.243993113827385089e-02,7.132120717907246277e-02,4.716908906112268207e-01,4.642604713951270501e-02,2.969616473754629560e+00
5.185826932018347435e+00,5.743292308305893851e-02,1.316420032649518734e-01,5.200086973680363711e-02,1.075781285896039025e-01,4.328775492127515112e-02,1.579561660211773244e+00
8.334361595536742939e+00,3.316347227459800345e-02,1.886423008159412718e-01,5.343646454545212393e-02,4.026724252950767968e-01,4.092128362741183356e-02,2.489504099580530649e+00
4.242996788118180262e+00,9.754032309876444970e-03,7.077625937314802052e-02,2.928777354340743669e-02,2.937403951593927642e-01,1.014577504218131150e-02,2.497700128248101947e+00
1.086964726665228476e+01,1.882819552027234777e-01,1.465764660032798650e-01,8.773322631903755775e-02,2.725655684563576542e-01,4.193661372153573846e-02,1.159195405399344736e+00
1.154370746570351436e+01,1.997300649841999287e-01,1.372442420272976804e-01,7.763274929072834507e-02,1.767914176743714816e-01,8.329648348915173327e-05,2.216619096717960424e+00
3.286986109518413635e+00,1.175824409992035774e-01,7.838377020377830517e-02,3.652882693301847533e-02,4.076092887473893311e-01,2.214159200769000302e-02,1.247765662853262292e+00
8.073379315664832134e+00,1.262789878263086141e-01,1.213311323749599047e-01,6.835375116362958636e-02,3.170678669508964487e-01,1.752375292875961166e-01,1.532062702286815625e+00
8.976552488564806254e+00,2.006952100921914339e-01,5.965899918803439089e-02,8.531706830911883754e-02,3.059752230362245973e-01,9.013885960108057593e-02,1.746131159150936973e+00
1.054112161109348378e+01,1.099069473776043485e-02,2.126456199265150046e-02,6.138245826230694091e-02,1.224201893724205376e-01,1.514745748916463963e-01,2.417660146179048120e+00
8.896277813313307803e+00,1.650627491653214873e-01,4.160299405417512697e-02,5.931410157606602923e-02,2.711379078868725867e-01,5.372342351141695671e-02,2.044268864070462044e+00
4.158307462477754513e+00,1.925388086781911617e-02,8.946422422374343542e-02,4.384189523872895726e-03,4.125093942756150045e-01,1.265811693373307956e-01,2.348259668756188745e+00
1.160496959563736219e+01,1.853292370888055540e-01,1.560902072504150861e-01,1.161933833588550680e-02,1.740885050451625171e-01,4.025016790263419297e-02,1.488097486597647734e+00
8.752612720736150820e+00,2.092486890023708968e-01,1.537703986179270732e-01,4.064404450727938239e-02,2.974685678988365223e-01,6.632532172131989923e-02,1.636560573969548571e+00
7.649002788815869813e+00,2.131790774074228123e-01,8.799860232009155004e-04,9.740190852987759551e-03,2.584948561709367598e-01,1.919120955140843632e-01,1.379872897216266603e+00
4.543247578100327644e+00,2.474942280021242558e-01,3.556594535038919841e-02,1.690235051075282199e-02,1.731505451100180948e-01,1.696073915705310353e-01,2.546885576948622720e+00
1.097034816576324801e+01,1.228897865496511588e-01,6.781437723726051192e-02,9.249409028668856281e-02,1.961668685010319046e-01,1.227612926830998763e-01,2.647122205740854106e+00
5.947253522784385460e+00,2.067734262666378053e-01,1.381656776584428981e-01,2.581621072623812001e-03,9.702627956048721219e-03,3.238709765309259747e-02,2.036653583756903529e+00
9.109068408112186432e+00,7.684313200034362246e-02,1.285654569579254558e-01,3.823834086029639229e-02,4.060865897562547233e-01,1.021406321720045168e-01,2.307812610590403324e+00
9.542162453255951249e+00,1.464080970403653370e-01,3.945113871089697688e-02,5.296290473808470262e-03,3.152780748364396590e-01,1.097087656468314631e-01,2.731424550470645585e+00
7.868295331789093794e+00,1.032347258680496593e-01,4.594653791006610144e-02,4.918976264179788366e-02,3.983340669366458586e-01,2.883411192082954363e-02,2.887383409023007275e+00
6.010725430558331972e+00,3.738410197100401622e-02,1.344636188684818767e-01,9.429295121955853787e-02,1.363241270403404981e-01,1.212706713349377963e-01,1.144513923479608009e+00
1.108847703642642202e+01,2.397472787460774857e-01,8.457570311929279994e-02,9.647142272352433878e-02,1.030914156121467834e-01,5.210162699249150375e-02,1.936977727133267102e+00
1.177926442022899067e+01,7.840867827879939578e-02,1.231977047119213187e-01,5.161355903677283807e-02,1.989415085428499277e-02,3.862866095552405094e-02,2.989440900428946613e+00
5.329386795777125485e+00,1.070692208664931477e-01,1.618476855491841893e-01,7.423252897942578254e-02,4.582016918460664612e-01,1.418178159572441033e-01,2.859659748077593378e+00
6.201109915336053824e+00,4.791700540470948677e-02,1.578728466836734345e-01,3.250175829140000694e-02,1.105770567228388790e-01,1.951984052237264455e-01,2.543069844588032424e+00
1.004686028683511267e+01,2.807194857367252896e-02,1.975386128545701947e-01,7.839108422538822174e-02,2.924893878681386061e-01,1.931192398345836503e-02,2.296935342483828357e+00
8.928110434599057399e+00,1.444319598844943375e-01,4.958136880632989935e-02,8.733634645363134996e-02,3.192603369179986550e-01,6.416340234947351395e-02,1.343490144657354612e+00
9.048997586191120490e+00,1.739018836150399705e-01,1.655706028071342872e-01,7.095563437754069669e-02,7.975066485493718937e-02,1.813148269609593244e-01,1.572152062761809965e+00
8.811310554517465476e+00,1.080070633281410702e-01,2.750345820747730069e-02,7.349621044139403869e-02,2.860904080558802076e-01,8.864689774099607233e-02,2.126902246582599076e+00
1.192543070919448667e+01,5.983638921874872424e-02,6.113066352708784040e-02,8.953248010454198727e-03,1.795245837935349753e-01,5.723185520045492164e-02,1.454273064180469088e+00
3.855038602669861092e+00,1.091159855243517274e-01,1.782863375502937719e-01,7.657645840107617230e-02,1.418132949836557223e-02,1.722492069162370465e-01,1.064372794015233437e+00
1.131469402658592394e+01,1.453578229600562544e-01,1.953335008757086655e-01,6.306876138161257583e-02,1.648386830945269832e-02,4.714016824030535513e-02,2.258440441671385912e+00
3.738370300055827045e+00,8.362088279103847832e-02,9.023865012112622375e-02,2.487209219651145831e-02,4.684317980745689725e-01,1.565024954228451948e-01,2.624865681531136197e+00
8.711339455381054364e+00,1.336073931323268349e-01,5.406100455290357293e-02,1.923433482839623232e-02,9.968652196492465423e-02,2.600235655713029753e-02,1.153779895411720657e+00
9.261316232667304860e+00,2.459679506303526497e-01,1.019260928846530412e-01,7.584518294909903258e-02,3.211262961621010881e-01,1.894228077158284229e-01,1.218067298050049541e+00
3.318841061047683727e+00,4.732603980240061847e-02,2.430907487431715162e-03,5.517122025519244355e-02,3.233795236579659615e-01,3.116501986080394068e-02,2.604676698052100559e+00
1.059302529764878820e+01,9.145960751140103095e-02,9.450874544891363360e-02,4.736104540833929732e-02,2.484007766640194126e-01,1.926720632119104104e-01,1.025106304246280464e+00
7.081020982142804954e+00,2.237231097808047575e-01,1.981569780424299876e-01,5.580235073726205752e-02,1.466974996474911808e-01,9.785893426050645827e-02,1.118307125617482356e+00
7.382115326623495122e+00,1.381468060143803411e-01,2.643058385426169665e-02,8.978321230474402281e-02,3.021019289031538491e-01,4.481173656968583802e-02,1.556239383674494103e+00
3.823792114784128948e+00,1.215638570172545285e-01,7.498532915082942174e-02,9.149763519184733740e-02,1.833177899514156217e-01,1.349589536194532313e-01,2.244804312746194075e+00
3.221992933699799888e+00,1.558639390980287309e-01,9.295035048575135683e-02,5.917929992683243490e-03,8.324977919385236069e-02,3.908269895144667050e-02,2.453712542998977675e+00
1.147095100776076571e+01,5.256841463166184170e-02,1.865013605702195154e-01,2.176509342431420801e-02,4.460079608922768446e-01,1.684768248794143441e-01,1.296157073723007036e+00
1.093396134858968338e+01,4.073596817943059972e-02,9.562785947097326988e-02,1.526113893602684159e-02,4.304716829606343720e-01,1.025291773334884304e-01,2.707382281641786292e+00
7.485352672953107245e+00,1.757613454166235822e-01,1.583195776062933796e-02,1.091861398690632118e-02,2.184618150698644790e-01,4.230670727761810107e-02,2.404124896831685732e+00
4.982039552285600692e+00,8.805673772652132525e-02,1.747691344318011153e-01,4.930320190349346543e-02,3.151559201693648199e-02,1.246457437355794062e-01,2.470382383169479112e+00
1.089636971927350295e+01,2.293125078090270941e-01,3.679417380062707799e-02,6.433549718176288790e-02,4.086221849182186672e-01,1.578433918697375038e-01,2.124952006082152067e+00
6.392413844046023641e+00,2.439802690437962995e-02,1.588321721144187459e-01,9.106812451916190820e-02,3.360280686962655028e-01,1.524689077869620657e-01,1.882344414343076089e+00
3.576621784446724739e+00,3.647610623174982886e-02,3.163142267913005706e-02,5.947666786698009578e-02,1.437641834793309537e-01,1.730328488887188931e-01,1.357468152422722119e+00
6.155716038489571496e+00,3.519562167117467385e-03,1.258013427656153316e-01,7.799066568437508506e-02,2.547951157431871394e-01,1.651621606577600709e-01,2.797824254965021851e+00
4.637960519594214404e+00,3.197445586222289610e-02,1.925007914064105208e-01,6.769808021724232905e-02,1.243936188819933786e-01,1.238368063998179225e-01,1.961375288313912391e+00
5.486708115850651879e+00,1.651009616625581308e-02,1.104010742393794486e-01,3.115609866441325371e-02,5.927811859053502136e-02,1.706768541441806841e-01,2.381236982009570902e+00
1.062860546965840314e+01,8.143684537356826736e-02,1.841964808438674162e-01,3.580570197661479132e-02,4.626811943220293100e-01,1.713407630456253161e-01,2.872396992498688739e+00
6.676219896575688040e+00,1.980723167685093100e-01,9.216529350970294188e-02,1.794780450539677080e-02,2.326550754486830241e-01,1.273871824103634531e-01,2.598578927257754412e+00
5.830857044443384041e+00,9.370337591632249552e-02,1.352249260718819401e-01,7.944170639763158126e-02,4.548888229239701486e-01,9.267730272642643596e-02,2.442363476715760040e+00
9.153989146757128381e+00,2.297017162659892309e-01,1.422175940463653587e-01,2.551732091355667434e-02,4.516140559294959944e-01,1.449093106160732891e-01,1.706948644965419426e+00
6.752816041653676216e+00,2.710734175564578907e-02,7.166536408421821103e-02,6.095538748369808829e-02,4.785273692306779569e-01,1.490121162780380926e-01,2.587728942191056980e+00
8.631173644136843848e+00,2.840247263008970763e-02,5.915735329336079679e-02,4.156632532518413775e-02,4.922763691624661431e-01,1.502009063712229642e-01,1.365917428193791139e+00
1.123646411052998495e+01,1.350898297091024658e-01,7.397532163909220637e-02,2.800868059277428213e-02,3.132398877045879937e-01,5.131814850408426137e-02,1.817889559358321083e+00
4.565047192155446076e+00,1.729460943740239454e-01,1.805390360200304911e-01,2.102690542887103442e-02,3.067395245947254767e-01,7.578008958822209790e-03,2.508571587904039113e+00
8.295868260389751114e+00,1.942355798884988494e-01,5.063965817487461885e-02,5.816157932223601362e-02,8.637893561566062361e-02,1.853612166524762003e-02,2.477859374529534087e+00
4.404831508945687091e+00,8.447088819411130434e-02,1.336619233599803114e-01,2.688148854853041059e-02,3.637964515862336379e-01,1.199726817593215200e-01,1.544173830616174747e+00
5.276986732891169041e+00,3.837640407443273366e-02,2.088216142601972275e-03,4.303944077902958909e-02,2.025130525635729373e-03,1.424185738995819850e-01,2.631568340868475797e+00
7.318395986225191940e+00,2.017965577385071319e-01,1.893095384541680914e-01,3.925418356722635421e-02,2.650446066059441996e-01,7.111729641871547547e-02,2.558654699989413750e+00
8.238103479199324397e+00,5.101435296470651498e-02,1.147777660120008481e-01,9.866627216900450414e-02,1.662343474941021526e-01,1.369662248583930764e-01,2.943005379064242089e+00
4.196855013290679892e+00,1.007381860640157722e-01,1.109332782126992885e-02,8.838724832516114960e-02,4.919064880794730144e-01,4.431889130460541643e-02,1.625586611117884495e+00
8.566387148201886959e+00,1.674487583127927132e-03,1.178865249777265867e-01,5.027287135103999938e-02,1.290321132397146964e-01,1.932003728785990082e-01,2.752889427592026372e+00
7.934540155098932068e+00,9.486692741257195249e-02,1.436494111721343669e-01,3.522743675306542338e-02,5.428078808630546620e-02,1.982800334774718898e-01,2.760892508755495633e+00
4.690164990268153922e+00,8.100784902449102709e-02,1.451103107201736908e-01,9.666695639210430568e-02,2.181984213885871521e-02,5.823727987464904360e-02,1.348118858780587903e+00
8.173413954552151139e+00,7.758636735087987013e-02,6.616075756250247575e-02,8.612470223160158256e-02,3.596600255521581468e-01,6.394967873307562389e-02,1.235280996214135785e+00
1.140820257749586020e+01,2.272806150605248196e-02,6.472519012839038355e-02,4.878746905305232640e-02,2.223481437775355618e-01,9.075645181227595670e-02,2.071449017072323429e+00
6.356952349020101423e+00,2.156229527297903736e-01,4.808841996215572345e-02,6.984659167288108372e-02,2.382590616144401041e-01,7.320149644354011220e-02,2.133192096063386778e+00
1.105198256317223127e+01,1.492504079521569382e-01,4.296548604377252098e-03,1.406399945357993467e-02,4.230688132153212488e-02,1.899871350966837458e-01,2.363061656910933728e+00
5.561062236707023487e+00,1.275178082789504563e-01,1.507215362147765469e-01,8.586998885877314414e-02,6.873917000893962903e-02,5.414557946878523209e-02,1.175079409450940915e+00
1.067952699316131060e+01,4.166511098810109920e-02,1.272870495097715438e-01,8.464761659335509267e-03,3.560284702856141709e-02,1.169705558352576030e-02,2.963018139479348001e+00
9.899432837947273356e+00,8.967031869088062934e-02,1.835263090703295186e-01,8.120105624094477170e-02,4.206165001348358690e-01,8.589647361996166630e-02,2.354917820187196309e+00
6.632313422763969513e+00,2.035778953949266834e-01,1.255186973516644044e-01,5.682261171861761190e-02,3.749603089198556560e-01,3.390742906205450324e-02,1.503369029314211680e+00
1.193980971592760199e+01,1.057464796897309989e-01,1.189966032948509313e-02,3.334073942479166136e-02,4.631347193113324878e-01,2.089284641569247661e-03,1.550392674587517616e+00
1.030163012230681829e+01,7.272577004273633738e-02,4.323367958083289275e-02,4.605896366135850406e-02,1.613434014544560258e-01,1.333335455723960727e-01,2.532465294103257492e+00
8.676434923422892354e+00,3.348908351874908124e-02,1.109545405563778786e-01,3.788246306566092625e-02,1.393408311389643939e-01,1.586159377664173586e-01,2.840991447738787201e+00
6.274335971168216730e+00,1.396139820574580359e-01,1.512356520048662722e-01,7.063208381843409656e-02,2.057387777298517184e-01,1.768640290619609701e-01,1.924291253364803334e+00
1.001050942320788550e+01,2.410374642517457144e-01,8.376067633273306945e-02,3.168760851725434258e-02,5.653893069785736331e-02,7.029275196949791304e-02,1.774816264232402352e+00
7.058164943271224345e+00,2.633954991904557605e-02,4.737936595202205114e-02,5.648350469795642564e-02,8.988954133019756709e-02,7.781210775153739323e-02,1.676262624869682138e+00
6.482165460293948911e+00,1.595309766883116764e-01,4.488440077913091047e-02,2.751084252857726939e-02,4.246981782023133145e-01,1.318358836472404982e-01,1.282084576781711505e+00
1.120690316317988255e+01,1.044763429858213272e-01,1.247444976457809385e-01,1.241414863312145615e-02,6.389628449166280533e-02,1.971622082676487975e-01,1.510150198697313151e+00
4.675585403834822351e+00,9.061866575454910477e-02,6.981440856105386450e-02,2.110167736200167787e-02,2.459239200783640278e-01,1.783673293819684758e-01,2.406303709264538959e+00
7.027233411891114834e+00,6.118004535788450216e-02,2.423991775076635158e-02,6.070484049793531400e-02,3.580746905020347204e-01,4.586653920248551924e-02,2.189196535233320251e+00
6.098426012969488497e+00,5.471491285645042196e-02,7.985642755079641608e-02,2.589926605271157534e-02,1.345285561855880385e-01,3.651670192016814170e-02,1.664649822623424757e+00
8.514730128525789254e+00,2.050723030583058784e-02,8.354002345729633419e-03,8.024453872926636975e-04,3.874521413201772457e-01,1.575621200012675693e-01,1.470217173862923943e+00
1.179809313561699469e+01,1.510624706855363264e-01,1.571289278559266367e-01,2.229746413079411113e-02,2.621552095930396176e-01,1.363970419018054880e-01,1.395996194850104066e+00
4.751443217921037743e+00,8.231198220883667593e-02,1.361381133654131492e-01,1.655151893336471308e-02,2.070783318683500629e-01,3.129470002176840820e-02,1.389756269389741838e+00
1.025809120322344015e+01,4.533004957816150204e-02,1.441983263150106442e-01,2.246991255764553466e-03,3.927303053362974916e-01,1.459820036869396709e-01,2.326544849741126519e+00
1.166823996755820581e+01,4.237872418352735260e-02,7.256992689601619168e-03,5.772361994253416562e-02,3.652673062702009310e-01,1.040764334864630741e-01,1.805743321989783157e+00
6.093477643970889090e+00,1.480934391571201991e-01,9.207947674257310755e-03,7.461135628645844398e-02,2.281219085440370220e-01,1.362127230480612329e-02,1.643443724510017301e+00
9.789046557638723556e+00,3.920204862562691461e-02,9.873684613622091266e-02,7.543205495182160603e-02,7.465124794903979510e-02,9.622690812886092182e-02,2.093966046341815712e+00
1.170382351848093627e+01,2.072656146582461112e-01,1.085141029954968667e-01,3.504363456432306456e-02,3.474280500571945707e-01,3.444006603173185160e-02,1.913054755046334154e+00
3.658478009280472953e+00,1.563286029951778400e-01,6.187198358429009393e-02,1.206588349449425751e-02,2.152676770032828923e-01,1.609787068596486570e-01,2.383179001819734300e+00
7.958273129189763040e+00,1.374307818104022472e-01,9.804655741604133279e-02,5.598499044248844009e-02,4.114268569146682375e-01,7.245612474332781272e-02,1.766425141278797906e+00
3.682569267110711753e+00,1.767289201166800938e-01,1.496433908841274529e-01,2.633768013732537203e-02,1.548730129206471462e-01,1.288086053194375802e-01,2.892534144886786063e+00
1.186817790673753592e+01,5.084178654912756799e-03,1.949311740885992794e-01,1.404226817116968964e-02,1.369610481454410778e-01,1.140035731120455642e-01,1.742009048299114404e+00
6.970835916562761803e+00,9.674773371262664068e-02,1.909769779279507640e-01,4.286642481394410675e-02,2.384876330298038027e-01,1.552697206584966461e-01,2.523381188220453097e+00
4.889506256538553863e+00,1.609004610756762654e-01,1.539861555091560918e-02,3.619066411066604316e-02,2.903080959944728812e-01,8.019603147435756807e-02,1.099633998721061712e+00
4.954446372757772110e+00,1.309196080218722191e-01,1.419649883539358393e-01,8.019634039487343394e-03,2.479975811897438265e-01,9.705707426623122469e-02,1.656075890058469779e+00
9.346790476634954103e+00,6.802196035889337966e-02,1.797603459247664459e-01,1.600445479742873892e-02,3.769744105524825972e-01,1.435517558616947742e-01,1.443701956287540389e+00
3.061435003239655117e+00,6.359884637973854671e-02,2.076420326175591052e-02,7.885152469981521195e-02,3.570787938762442493e-01,4.830381982260786855e-02,1.713554641563828973e+00
4.112153265488911025e+00,1.004401717450457560e-01,3.788391358291450656e-02,6.328925065513972548e-02,2.046576163947166349e-01,2.523235277733140366e-02,2.395388626829745959e+00
1.116416500855621941e+01,1.787064481598259758e-01,1.410070595548191252e-01,5.449512193377834685e-02,4.591295253481368355e-01,5.233194315435426083e-03,1.426669118435505368e+00
3.182359199156659990e+00,2.119269804076951147e-01,1.069510333402786673e-01,6.896225317511801844e-02,5.779179056228681000e-02,1.102711002768557158e-01,1.103381678893040174e+00
3.405546717496551246e+00,1.415059741279374728e-01,5.653807028836047022e-02,3.844557453755705762e-02,1.687195348378026927e-01,1.132591080283260609e-01,1.822053849581968699e+00
4.586169295627584575e+00,1.583682748528045803e-01,1.009482564366033092e-01,9.971795796987936722e-02,4.991111429285238071e-02,6.778054356316962070e-02,1.530187911480620278e+00
8.549045468111764023e+00,6.892918989714724720e-02,1.182259995557434912e-01,4.840379476595111502e-02,3.283318348953164212e-01,4.299065739552573179e-03,2.232511377641968053e+00
8.596445714626284484e+00,2.273367181554982186e-01,9.509977697520403950e-02,6.539631999490150283e-02,4.746983242126238123e-01,1.176194108494140605e-01,1.189131447936339514e+00
7.190094618544976335e+00,1.145928648382145559e-01,1.853851730426941125e-01,8.018022006126457324e-02,2.292902462664752616e-01,1.141892044091336045e-01,1.620210857029660279e+00
8.142691983052378291e+00,2.416061949150495325e-01,3.303175457275762950e-02,9.311759072394776293e-02,3.249855290615153991e-01,1.209878403496173205e-01,2.320211723473299514e+00
6.917642876782281292e+00,2.307634659505661545e-01,1.994635034437186594e-01,7.386857895594592383e-02,3.898182450516344821e-01,2.977542375369152117e-03,1.477239600489629767e+00
1.040576295392088468e+01,9.954927861588244720e-02,1.843814412104356759e-02,1.729360862132266544e-02,3.268990932479399203e-01,1.353955242358875766e-01,2.146125622048990600e+00
7.432030705529107273e+00,1.204676051985532625e-01,8.715976213241052872e-02,7.201314773998823693e-02,6.117972573190438162e-02,1.795842841595372830e-02,1.112163432430874010e+00
9.403790364088855824e+00,5.884277218163551371e-02,1.753632188332370223e-01,4.060743933369410745e-03,2.958728320418054780e-01,1.688039928862345440e-01,2.113859260547005459e+00
1.074676358918117458e+01,2.374725424749202507e-01,9.723546992506394704e-02,7.299122382962124067e-02,1.953092412506564624e-01,5.491135049102820187e-02,1.034576440589215718e+00
1.051107089293863162e+01,1.301664811085859463e-01,5.616376469597188920e-02,1.034807403775081860e-02,8.493536727646067153e-02,6.890172031732731683e-02,2.170045350248306804e+00
1.080851538146324664e+01,1.128277157970360989e-01,3.446510410490642717e-02,5.725156129984566855e-02,4.223628113107691373e-01,7.080880438486394923e-02,2.198771008002424754e+00
3.487704156207892314e+00,7.372867974877408970e-02,1.389248945430633653e-02,9.792121423390350021e-02,4.005308872258577235e-01,5.876600073620305564e-02,2.368339554531441848e+00
4.811550067219240390e+00,1.772857218887800845e-01,8.322430198045770167e-02,2.996255799175590040e-02,1.095003566027848325e-02,5.990828287389554987e-03,2.955761505644598053e+00
5.624457558230534282e+00,1.406211001569086794e-01,1.474894252577023390e-01,8.331644858456800640e-02,2.202602570986212649e-01,7.709097634194329862e-02,1.259841650192873530e+00
9.987676798299437664e+00,2.206041288091155073e-01,3.056996443613439057e-02,8.207614029731824523e-02,1.139944595983403003e-01,5.018758642705194867e-02,2.290000628275715044e+00
